{"cameraMode":{"drawMode":0,"name":"Shaded","section":"Shading Mode"},"sceneLighting":true,"audioPlay":false,"sceneViewState":{"showFog":true,"showMaterialUpdate":false,"showSkybox":true,"showFlares":true,"showImageEffects":true,"showParticleSystems":true},"in2DMode":false,"pivot":{"x":-3.6626243591308595,"y":1.3752803802490235,"z":5.550981044769287},"rotation":{"x":-0.22301046550273896,"y":0.575556218624115,"z":-0.16694526374340058,"w":-0.768856406211853},"size":8.182843208312989,"orthographic":false}