{"cameraMode":{"drawMode":0,"name":"Shaded","section":"Shading Mode"},"sceneLighting":true,"audioPlay":false,"sceneViewState":{"showFog":true,"showMaterialUpdate":false,"showSkybox":true,"showFlares":true,"showImageEffects":true,"showParticleSystems":true},"in2DMode":false,"pivot":{"x":12.267114639282227,"y":-1.073263168334961,"z":10.796491622924805},"rotation":{"x":-0.3188019394874573,"y":0.12237446755170822,"z":-0.04154767468571663,"w":-0.938974142074585},"size":19.646825790405275,"orthographic":false}