{"cameraMode":{"drawMode":0,"name":"Shaded","section":"Shading Mode"},"sceneLighting":true,"audioPlay":false,"sceneViewState":{"showFog":true,"showMaterialUpdate":false,"showSkybox":true,"showFlares":true,"showImageEffects":true,"showParticleSystems":true},"in2DMode":false,"pivot":{"x":13.533220291137696,"y":44.54408264160156,"z":36.59607696533203},"rotation":{"x":-0.2726554274559021,"y":-0.03260616213083267,"z":0.009258497506380082,"w":-0.9615335464477539},"size":65.58070373535156,"orthographic":false}