{"cameraMode":{"drawMode":0,"name":"Shaded","section":"Shading Mode"},"sceneLighting":true,"audioPlay":false,"sceneViewState":{"showFog":true,"showMaterialUpdate":false,"showSkybox":true,"showFlares":true,"showImageEffects":true,"showParticleSystems":true},"in2DMode":false,"pivot":{"x":-3.1525394916534426,"y":0.866032600402832,"z":10.610795021057129},"rotation":{"x":-0.30010369420051577,"y":0.009160137735307217,"z":-0.002869363408535719,"w":-0.9538775682449341},"size":51.7636604309082,"orthographic":false}